adidas,http://shop.adidas.jp/
AMERICAN EAGLE OUTFIT,http://www.aeo.jp/top/CSfTop.jsp?cd=1
ANAP,http://www.anapnet.com/
Ank Rouge,http://ailand-store.jp/ankrouge/
Avan Lily,http://www.ec-store.net/avanlily/?uk=0
apart by lowrys,http://www.dot-st.com/apartbylowrys/
BEAMS,http://shop.beams.co.jp/
CECIL McBEE,http://ailand-store.jp/cecilmcbee/
COCOLULU,http://www.exiv.co.jp/ec/cmShopTopPage1.html
converse,http://www.abc-mart.net/shop/e/e1001100/
CROWZE,http://store.growze.la/
dazzlin,http://runway-webstore.com/dazzlin/
DHOLIC,http://www.dholic.co.jp/
earth music&ecology,http://www.earth1999.jp/
EGOIST,http://egoist-store.jp/
EMODA,http://runway-webstore.com/emoda/
ENVYM,http://envym-store.jp/
ESPERANZA,http://www.esp-shoe.com/ec/cmShopTopPage1.html
EVRIS,http://runway-webstore.com/evris/
FIG&VIPER,http://fig-viper.jp/
FOREVER 21,http://www.forever21.co.jp/
GAP,http://www.gap.co.jp/
GARULA,http://ailand-store.jp/garula/
GLAD NEWS,http://gladnewsstore.com/
GLOBAL WORK,http://www.dot-st.com/globalwork/
GU,http://www.gu-japan.com/
GYDA,http://runway-webstore.com/gyda/?aid3=rcmenu_gd_pc
H&M,http://www.hm.com/jp/
MOUSSY,http://www.ec-store.net/moussy/?uk=0
NARA CAMICIE,http://nc-webstore.jp/Nara+Camicie/brandtop/naracamicie/
NATURAL BEAUTY BASIC,http://www.naturalbeautybasic.com/online_store/
NEW ERA,http://store.neweracap.jp/pc/
NIKE,http://www.abc-mart.net/shop/e/e1000600/
OLIVE des OLIVE,http://www.olivedesolive-ec.jp/
PUMA,http://www.abc-mart.net/shop/e/e1000800/
R&E,http://store.rosessence.jp/
Reebok,http://www.abc-mart.net/shop/e/e1001200/
RESEXXY,http://runway-webstore.com/resexxy/
rienda,http://www.ec-store.net/rienda/?uk=0
RODEO CROWNS WIDE BOWL,http://www.ec-store.net/rodeocrowns/?uk=0
salus,http://www.e-salus.jp/
Samantha Thavasa,http://samantha.locondo.jp/
Samantha Vega,http://samantha.locondo.jp/shop/search?campaignCode4=SV&alignmentSequence=news%20from%20date(text)%3Adescending
Samantha Thavasa Deluxe,http://samantha.locondo.jp/shop/search?campaignCode4=SV&alignmentSequence=news%20from%20date(text)%3Adescending
Samantha Thavasa Petit Choice,http://samantha.locondo.jp/shop/search?campaignCode4=STPC&alignmentSequence=news%20from%20date(text)%3Adescending
SHAGADELIC,http://www.sgdlc.com/shopping.php
SHOPLIST.com,http://shop-list.com/women/
SPIRALGIRL,http://roomys-webstore.jp/spiralgirl/
Ungrid,http://runway-webstore.com/ungrid/
UNIQLO,http://www.uniqlo.com/jp/
VANS,http://www.abc-mart.net/shop/e/e1000200/
ViS,http://www.visjp.com/
VoeuX,http://e-shop.shibuya109.jp/ladies/app/catalog/list/init?searchShopCode=VOE
WEGO,http://www.wego.jp/
YEVS,http://store.yevs.jp/
JILLSTUART,http://www.jillstuart.jp/
L.CHANCE,http://www.l-chance.com/info/item/
LOWRYS FARM,http://www.dot-st.com/lowrysfarm/
しまむら,http://www.shimamura.gr.jp/shimamura/
ZARA JAPAN,http://www.zara.com/jp/