apart by lowrys,http://www.dot-st.com/apartbylowrys/
LOWRYS FARM,http://www.dot-st.com/lowrysfarm/
salus,http://www.e-salus.jp/
SHOPLIST.com,http://shop-list.com/women/
WEGO,http://www.wego.jp/
CECIL McBEE,http://ailand-store.jp/cecilmcbee/
GLOBAL WORK,http://www.dot-st.com/globalwork/
しまむら,http://www.shimamura.gr.jp/shimamura/
FOREVER 21,http://www.forever21.co.jp/
H&M,http://www.hm.com/jp/
GAP,http://www.gap.co.jp/
earth music&ecology,http://www.earth1999.jp/
OLIVE des OLIVE,http://www.olivedesolive-ec.jp/
YEVS,http://store.yevs.jp/
ViS,http://www.visjp.com/
ZARA JAPAN,http://www.zara.com/jp/
JILLSTUART,http://www.jillstuart.jp/
NARA CAMICIE,http://nc-webstore.jp/Nara+Camicie/brandtop/naracamicie/
NATURAL BEAUTY BASIC,http://www.naturalbeautybasic.com/online_store/